"no";"imgLink";"imgName"
2;"https://emotionplanet.s3.ap-northeast-2.amazonaws.com/e27f5ca7-7482-45e6-9790-192b46746037.jpg";"e27f5ca7-7482-45e6-9790-192b46746037.jpg"
3;"https://emotionplanet.s3.ap-northeast-2.amazonaws.com/57e5c7c2-dda0-41c6-b497-9b812cc4d8e3.jpg";"57e5c7c2-dda0-41c6-b497-9b812cc4d8e3.jpg"
4;"https://emotionplanet.s3.ap-northeast-2.amazonaws.com/ee65f70d-6fb0-4b71-b1e7-2bdb05b9220f.jpg";"ee65f70d-6fb0-4b71-b1e7-2bdb05b9220f.jpg"
5;"https://emotionplanet.s3.ap-northeast-2.amazonaws.com/d95fc70f-076e-4f18-9216-b5404bdd26f6.png";"d95fc70f-076e-4f18-9216-b5404bdd26f6.png"
6;"https://emotionplanet.s3.ap-northeast-2.amazonaws.com/d895542c-fc6b-475f-b18d-e0d295be1241.png";"d895542c-fc6b-475f-b18d-e0d295be1241.png"
7;"https://emotionplanet.s3.ap-northeast-2.amazonaws.com/4b214a49-1d21-414e-a7ad-b330f06c6e5d.gif";"4b214a49-1d21-414e-a7ad-b330f06c6e5d.gif"
8;"https://emotionplanet.s3.ap-northeast-2.amazonaws.com/d12b4df1-8b90-4eb4-84e8-14dce61c14ed.jpg";"d12b4df1-8b90-4eb4-84e8-14dce61c14ed.jpg"
9;"https://emotionplanet.s3.ap-northeast-2.amazonaws.com/5cfd957e-00cb-4cb6-8f45-700ba033b96a.png";"5cfd957e-00cb-4cb6-8f45-700ba033b96a.png"
10;"https://emotionplanet.s3.ap-northeast-2.amazonaws.com/5e7381bd-9505-448b-bedf-687dfccfd77e.png";"5e7381bd-9505-448b-bedf-687dfccfd77e.png"
11;"https://emotionplanet.s3.ap-northeast-2.amazonaws.com/79e9d1b9-3d6b-4acf-b5c1-15c00890f51d.png";"79e9d1b9-3d6b-4acf-b5c1-15c00890f51d.png"
12;"https://emotionplanet.s3.ap-northeast-2.amazonaws.com/3945b6d1-5b4f-4005-9023-26cf8ff1af22.png";"3945b6d1-5b4f-4005-9023-26cf8ff1af22.png"
13;"https://emotionplanet.s3.ap-northeast-2.amazonaws.com/a85495b7-e719-4580-8be8-c10c0d5afbac.png";"a85495b7-e719-4580-8be8-c10c0d5afbac.png"
14;"https://emotionplanet.s3.ap-northeast-2.amazonaws.com/471cae8d-1bed-4d0a-8068-0ae0f266cadb.png";"471cae8d-1bed-4d0a-8068-0ae0f266cadb.png"
15;"https://emotionplanet.s3.ap-northeast-2.amazonaws.com/6de004bb-a23f-4741-91c3-db437aea9eb7.png";"6de004bb-a23f-4741-91c3-db437aea9eb7.png"
16;"https://emotionplanet.s3.ap-northeast-2.amazonaws.com/f64a5e35-0251-4e2e-ac25-8b3c470a2b67.png";"f64a5e35-0251-4e2e-ac25-8b3c470a2b67.png"
17;"https://emotionplanet.s3.ap-northeast-2.amazonaws.com/39fa830d-ad52-4324-a385-a40922dc0693.png";"39fa830d-ad52-4324-a385-a40922dc0693.png"
18;"https://emotionplanet.s3.ap-northeast-2.amazonaws.com/454ca262-e25c-4365-85b7-02f8e3813a99.png";"454ca262-e25c-4365-85b7-02f8e3813a99.png"
19;"https://emotionplanet.s3.ap-northeast-2.amazonaws.com/b1fa13d3-4f3a-420b-b72c-f1b8009a458a.png";"b1fa13d3-4f3a-420b-b72c-f1b8009a458a.png"
20;"https://emotionplanet.s3.ap-northeast-2.amazonaws.com/5e5ed718-92c2-436f-be1c-c76e118e6e50.png";"5e5ed718-92c2-436f-be1c-c76e118e6e50.png"
21;"https://emotionplanet.s3.ap-northeast-2.amazonaws.com/320a0ac3-e0a1-40da-a353-097d4361b46a.png";"320a0ac3-e0a1-40da-a353-097d4361b46a.png"
22;"https://emotionplanet.s3.ap-northeast-2.amazonaws.com/ea6a03eb-7f6e-42e4-80ce-a77e92a49452.jpg";"ea6a03eb-7f6e-42e4-80ce-a77e92a49452.jpg"
23;"https://emotionplanet.s3.ap-northeast-2.amazonaws.com/ea6cccc4-6067-41fe-83e8-df95508536d3.gif";"ea6cccc4-6067-41fe-83e8-df95508536d3.gif"
25;"https://emotionplanet.s3.ap-northeast-2.amazonaws.com/2c3f76a4-98b8-448d-be04-423d0018e2ad.JPG";"2c3f76a4-98b8-448d-be04-423d0018e2ad.JPG"
29;"https://emotionplanet.s3.ap-northeast-2.amazonaws.com/f0cf6fc9-e3b2-4005-bea6-621ab65b3d02.png";"f0cf6fc9-e3b2-4005-bea6-621ab65b3d02.png"
31;"https://emotionplanet.s3.ap-northeast-2.amazonaws.com/d569beb1-80fb-4f64-bfb1-8e1de766fe14.png";"d569beb1-80fb-4f64-bfb1-8e1de766fe14.png"
33;"https://emotionplanet.s3.ap-northeast-2.amazonaws.com/5b0c71b3-50c3-4c0e-acd6-a1465f999bbd.png";"5b0c71b3-50c3-4c0e-acd6-a1465f999bbd.png"
34;"https://emotionplanet.s3.ap-northeast-2.amazonaws.com/9a953d43-e5cc-44c7-bb08-f2b931c11605.png";"9a953d43-e5cc-44c7-bb08-f2b931c11605.png"
36;"https://emotionplanet.s3.ap-northeast-2.amazonaws.com/d862553f-1927-485c-82b7-8374de33886d.PNG";"d862553f-1927-485c-82b7-8374de33886d.PNG"
37;"https://emotionplanet.s3.ap-northeast-2.amazonaws.com/7e9c1bb1-3d51-4038-8cbc-78f4515311e3.png";"7e9c1bb1-3d51-4038-8cbc-78f4515311e3.png"
38;"https://emotionplanet.s3.ap-northeast-2.amazonaws.com/bb381a6b-f969-4d45-a644-ad3d49013fd1.jpg";"bb381a6b-f969-4d45-a644-ad3d49013fd1.jpg"
39;"https://emotionplanet.s3.ap-northeast-2.amazonaws.com/8c2ea290-c924-48c7-ad74-40087ead5c50.jpg";"8c2ea290-c924-48c7-ad74-40087ead5c50.jpg"
40;"https://emotionplanet.s3.ap-northeast-2.amazonaws.com/24ebcb5c-ff41-47e9-a609-7366bcdc61b2.png";"24ebcb5c-ff41-47e9-a609-7366bcdc61b2.png"
41;"https://emotionplanet.s3.ap-northeast-2.amazonaws.com/b320fd04-257a-43bf-9593-c6807ef9450a.png";"b320fd04-257a-43bf-9593-c6807ef9450a.png"
42;"https://emotionplanet.s3.ap-northeast-2.amazonaws.com/f0086462-fda7-404c-b0cf-9e0accbfb7c7.png";"f0086462-fda7-404c-b0cf-9e0accbfb7c7.png"
43;"https://emotionplanet.s3.ap-northeast-2.amazonaws.com/e15a2c24-bb48-48a0-a538-f83841b78fc9.png";"e15a2c24-bb48-48a0-a538-f83841b78fc9.png"
44;"https://emotionplanet.s3.ap-northeast-2.amazonaws.com/1df01ea1-c982-4074-a24b-638c648b23b3.png";"1df01ea1-c982-4074-a24b-638c648b23b3.png"
49;"https://emotionplanet.s3.ap-northeast-2.amazonaws.com/bafceb5f-c95f-42ad-a22c-bc3a18251be2.png";"bafceb5f-c95f-42ad-a22c-bc3a18251be2.png"
51;"https://emotionplanet.s3.ap-northeast-2.amazonaws.com/d512b9c8-cf59-4a23-acdf-30d78b3369f0.png";"d512b9c8-cf59-4a23-acdf-30d78b3369f0.png"
52;"https://emotionplanet.s3.ap-northeast-2.amazonaws.com/afa05ec0-7e9d-48db-a5f3-3b1acc3401d9.PNG";"afa05ec0-7e9d-48db-a5f3-3b1acc3401d9.PNG"
53;"https://emotionplanet.s3.ap-northeast-2.amazonaws.com/131a33de-be87-435a-8abd-0b4627830bfe.png";"131a33de-be87-435a-8abd-0b4627830bfe.png"
57;"https://emotionplanet.s3.ap-northeast-2.amazonaws.com/730e934a-1f7c-4fd9-8063-ba8360f7da55.gif";"730e934a-1f7c-4fd9-8063-ba8360f7da55.gif"
58;"https://emotionplanet.s3.ap-northeast-2.amazonaws.com/d1f5443c-aa6b-4469-8c75-ddab9f589b8a.png";"d1f5443c-aa6b-4469-8c75-ddab9f589b8a.png"
59;"https://emotionplanet.s3.ap-northeast-2.amazonaws.com/c4bc12e2-206e-4cfc-9161-533bf4fe27e3.jpg";"c4bc12e2-206e-4cfc-9161-533bf4fe27e3.jpg"
60;"https://emotionplanet.s3.ap-northeast-2.amazonaws.com/22252750-fbc4-45b0-8080-4f5ee2770943.png";"22252750-fbc4-45b0-8080-4f5ee2770943.png"
61;"https://emotionplanet.s3.ap-northeast-2.amazonaws.com/46cc607e-eb19-432b-91ea-25ea836a257b.png";"46cc607e-eb19-432b-91ea-25ea836a257b.png"
62;"https://emotionplanet.s3.ap-northeast-2.amazonaws.com/6a534370-3b52-49f6-adda-39b0f5a9411c.png";"6a534370-3b52-49f6-adda-39b0f5a9411c.png"
63;"https://emotionplanet.s3.ap-northeast-2.amazonaws.com/33dc9e64-31e9-4c22-af07-a2fb5907724f.png";"33dc9e64-31e9-4c22-af07-a2fb5907724f.png"
64;"https://emotionplanet.s3.ap-northeast-2.amazonaws.com/a309106d-b87e-4d83-bb7b-ac747be65eaf.JPG";"a309106d-b87e-4d83-bb7b-ac747be65eaf.JPG"
65;"https://emotionplanet.s3.ap-northeast-2.amazonaws.com/805039f6-fe71-4aab-96e1-2b2503e564c4.png";"805039f6-fe71-4aab-96e1-2b2503e564c4.png"
66;"https://emotionplanet.s3.ap-northeast-2.amazonaws.com/8e65cafa-f081-4163-8b38-8c62b6e31fd0.png";"8e65cafa-f081-4163-8b38-8c62b6e31fd0.png"
67;"https://emotionplanet.s3.ap-northeast-2.amazonaws.com/f013834d-8893-42de-8667-65a91db1b76f.png";"f013834d-8893-42de-8667-65a91db1b76f.png"
68;"https://emotionplanet.s3.ap-northeast-2.amazonaws.com/8dfa208f-a2ae-4999-a695-a9cae00fdf52.jpg";"8dfa208f-a2ae-4999-a695-a9cae00fdf52.jpg"
69;"https://emotionplanet.s3.ap-northeast-2.amazonaws.com/c834ed4f-636f-4edc-83e7-69117ad42add.jpg";"c834ed4f-636f-4edc-83e7-69117ad42add.jpg"
70;"https://emotionplanet.s3.ap-northeast-2.amazonaws.com/0b9b4a42-f21c-412a-8660-842cb17ffee0.png";"0b9b4a42-f21c-412a-8660-842cb17ffee0.png"
71;"https://emotionplanet.s3.ap-northeast-2.amazonaws.com/c428fdb0-e790-4300-8f35-2c6e1aae07f7.png";"c428fdb0-e790-4300-8f35-2c6e1aae07f7.png"
72;"https://emotionplanet.s3.ap-northeast-2.amazonaws.com/8ed98cd0-4a77-45a4-84ed-871357b6e549.png";"8ed98cd0-4a77-45a4-84ed-871357b6e549.png"
73;"https://emotionplanet.s3.ap-northeast-2.amazonaws.com/166bdcdd-7f32-4fef-a092-d5ebcbd2c2e4.png";"166bdcdd-7f32-4fef-a092-d5ebcbd2c2e4.png"
74;"https://emotionplanet.s3.ap-northeast-2.amazonaws.com/8e09d9c2-b106-41b2-aa94-81062e0eda76.png";"8e09d9c2-b106-41b2-aa94-81062e0eda76.png"
75;"https://emotionplanet.s3.ap-northeast-2.amazonaws.com/a5810ee4-8f45-4c3b-a796-100ad88fb780.png";"a5810ee4-8f45-4c3b-a796-100ad88fb780.png"
76;"https://emotionplanet.s3.ap-northeast-2.amazonaws.com/1fb1bcc9-053b-4aec-b7a7-6a4a0248cf86.png";"1fb1bcc9-053b-4aec-b7a7-6a4a0248cf86.png"
77;"https://emotionplanet.s3.ap-northeast-2.amazonaws.com/c5b6dbd0-ffbb-4b5d-9466-03f970384fb5.jpg";"c5b6dbd0-ffbb-4b5d-9466-03f970384fb5.jpg"
78;"https://emotionplanet.s3.ap-northeast-2.amazonaws.com/bdb6e427-e4eb-423e-abd9-986af3bc64af.jpg";"bdb6e427-e4eb-423e-abd9-986af3bc64af.jpg"
79;"https://emotionplanet.s3.ap-northeast-2.amazonaws.com/60ef579f-5417-4d76-aa92-f35ffd0b0524.png";"60ef579f-5417-4d76-aa92-f35ffd0b0524.png"
80;"https://emotionplanet.s3.ap-northeast-2.amazonaws.com/9fe57f57-0ed7-47d1-b3a8-022265dc9e56.jpg";"9fe57f57-0ed7-47d1-b3a8-022265dc9e56.jpg"
81;"https://emotionplanet.s3.ap-northeast-2.amazonaws.com/c11b3498-3690-4a56-b86c-52d0e6374807.png";"c11b3498-3690-4a56-b86c-52d0e6374807.png"
82;"https://emotionplanet.s3.ap-northeast-2.amazonaws.com/5590bc80-214c-4a33-98e7-705687dfdd1c.png";"5590bc80-214c-4a33-98e7-705687dfdd1c.png"
83;"https://emotionplanet.s3.ap-northeast-2.amazonaws.com/f24a2892-a80b-4d4e-bdf3-0f62f3ad4752.png";"f24a2892-a80b-4d4e-bdf3-0f62f3ad4752.png"
84;"https://emotionplanet.s3.ap-northeast-2.amazonaws.com/acbf8a7d-24e3-43de-83ca-011899087474.JPG";"acbf8a7d-24e3-43de-83ca-011899087474.JPG"
85;"https://emotionplanet.s3.ap-northeast-2.amazonaws.com/1492bc18-648a-4f72-accf-70d718ba8a65.JPG";"1492bc18-648a-4f72-accf-70d718ba8a65.JPG"
86;"https://emotionplanet.s3.ap-northeast-2.amazonaws.com/638763e5-0d2d-4b7b-9100-7457dbf383d7.JPG";"638763e5-0d2d-4b7b-9100-7457dbf383d7.JPG"
87;"https://emotionplanet.s3.ap-northeast-2.amazonaws.com/0f8f9cbf-e49b-4537-aabe-0791c224cc42.PNG";"0f8f9cbf-e49b-4537-aabe-0791c224cc42.PNG"
88;"https://emotionplanet.s3.ap-northeast-2.amazonaws.com/2b6b1899-d82e-495d-b2bb-196ccc58fbd2.jpg";"2b6b1899-d82e-495d-b2bb-196ccc58fbd2.jpg"
89;"https://emotionplanet.s3.ap-northeast-2.amazonaws.com/b14d4b2b-f884-452f-8c4a-91e339463b33.gif";"b14d4b2b-f884-452f-8c4a-91e339463b33.gif"
94;"https://emotionplanet.s3.ap-northeast-2.amazonaws.com/0d8d2a8c-6906-4644-accc-85b869b7fbc3.png";"0d8d2a8c-6906-4644-accc-85b869b7fbc3.png"
145;"https://emotionplanet.s3.ap-northeast-2.amazonaws.com/bb00c64e-fd2f-4147-be22-b9c6cb688e3c.png";"bb00c64e-fd2f-4147-be22-b9c6cb688e3c.png"
146;"https://emotionplanet.s3.ap-northeast-2.amazonaws.com/ccfd4889-d4ee-4f52-bba6-d714cef1ee2b.png";"ccfd4889-d4ee-4f52-bba6-d714cef1ee2b.png"
172;"https://emotionplanet.s3.ap-northeast-2.amazonaws.com/fb319731-9cdc-48cc-827b-f319c5cc1d68.jpg";"fb319731-9cdc-48cc-827b-f319c5cc1d68.jpg"
190;"https://emotionplanet.s3.ap-northeast-2.amazonaws.com/8373c5ec-daad-43ab-8d38-a58c9ebb67c7.gif";"8373c5ec-daad-43ab-8d38-a58c9ebb67c7.gif"
213;"https://emotionplanet.s3.ap-northeast-2.amazonaws.com/a02dc1b7-6892-4c2b-a0b2-7bcf5248b3bd.jpeg";"a02dc1b7-6892-4c2b-a0b2-7bcf5248b3bd.jpeg"
214;"https://emotionplanet.s3.ap-northeast-2.amazonaws.com/9a85e5c2-fc14-4e1e-86ba-a9bae97cecfe.jpeg";"9a85e5c2-fc14-4e1e-86ba-a9bae97cecfe.jpeg"
216;"https://emotionplanet.s3.ap-northeast-2.amazonaws.com/ad81bd8f-75b7-4b13-b24f-73b875246ed0.jpeg";"ad81bd8f-75b7-4b13-b24f-73b875246ed0.jpeg"
218;"https://emotionplanet.s3.ap-northeast-2.amazonaws.com/b634a096-c256-46e6-ab12-284e67023e6c.png";"b634a096-c256-46e6-ab12-284e67023e6c.png"
219;"https://emotionplanet.s3.ap-northeast-2.amazonaws.com/2bf40c46-a166-4a12-baee-4dc31be89a6e.png";"2bf40c46-a166-4a12-baee-4dc31be89a6e.png"
220;"https://emotionplanet.s3.ap-northeast-2.amazonaws.com/cb3c082e-92b3-4873-a5d9-4c27eb293c93.png";"cb3c082e-92b3-4873-a5d9-4c27eb293c93.png"
221;"https://emotionplanet.s3.ap-northeast-2.amazonaws.com/61a03aef-d650-4660-8f21-e829ad13ab51.jpg";"61a03aef-d650-4660-8f21-e829ad13ab51.jpg"
222;"https://emotionplanet.s3.ap-northeast-2.amazonaws.com/fdeaf621-b8f5-4869-b9c7-6b8706884a34.jpg";"fdeaf621-b8f5-4869-b9c7-6b8706884a34.jpg"
223;"https://emotionplanet.s3.ap-northeast-2.amazonaws.com/297c9bb9-532b-41a3-b51b-6f352c6b402b.jpg";"297c9bb9-532b-41a3-b51b-6f352c6b402b.jpg"
224;"https://emotionplanet.s3.ap-northeast-2.amazonaws.com/ba72d276-fe43-46e7-b77f-649cd293dc1b.jpg";"ba72d276-fe43-46e7-b77f-649cd293dc1b.jpg"
225;"https://emotionplanet.s3.ap-northeast-2.amazonaws.com/1fde73f5-777b-435b-bdbd-861dcdcd3420.jpg";"1fde73f5-777b-435b-bdbd-861dcdcd3420.jpg"
226;"https://emotionplanet.s3.ap-northeast-2.amazonaws.com/27e222d8-450c-4675-b13b-6fcd333a81bf.jpg";"27e222d8-450c-4675-b13b-6fcd333a81bf.jpg"
227;"https://emotionplanet.s3.ap-northeast-2.amazonaws.com/b8ac66bc-2e12-4984-b4ff-93de08695e33.jpg";"b8ac66bc-2e12-4984-b4ff-93de08695e33.jpg"
228;"https://emotionplanet.s3.ap-northeast-2.amazonaws.com/ef9d783c-836a-4454-89b4-d455d0a2e94c.jpg";"ef9d783c-836a-4454-89b4-d455d0a2e94c.jpg"
229;"https://emotionplanet.s3.ap-northeast-2.amazonaws.com/656898e0-5ce2-448d-8e10-bd144de9db69.jpg";"656898e0-5ce2-448d-8e10-bd144de9db69.jpg"
230;"https://emotionplanet.s3.ap-northeast-2.amazonaws.com/1843c624-75c8-45c3-a500-46cba23115ef.jpg";"1843c624-75c8-45c3-a500-46cba23115ef.jpg"
231;"https://emotionplanet.s3.ap-northeast-2.amazonaws.com/e4327b1a-6703-4d9e-b39e-2e70caf6a0a5.jpg";"e4327b1a-6703-4d9e-b39e-2e70caf6a0a5.jpg"
232;"https://emotionplanet.s3.ap-northeast-2.amazonaws.com/cf7fcb86-9c23-4203-ac26-28cc90185506.png";"cf7fcb86-9c23-4203-ac26-28cc90185506.png"
233;"https://emotionplanet.s3.ap-northeast-2.amazonaws.com/dcdf8551-e9bf-41ea-a68c-fa6d3d2f7378.png";"dcdf8551-e9bf-41ea-a68c-fa6d3d2f7378.png"
235;"https://emotionplanet.s3.ap-northeast-2.amazonaws.com/d95ac87a-03f9-46b4-a9f1-0c153e875c5f.png";"d95ac87a-03f9-46b4-a9f1-0c153e875c5f.png"
236;"https://emotionplanet.s3.ap-northeast-2.amazonaws.com/37338d9c-5068-4678-95fd-cc98cc984cad.gif";"37338d9c-5068-4678-95fd-cc98cc984cad.gif"
237;"https://emotionplanet.s3.ap-northeast-2.amazonaws.com/28014826-4118-4409-9be2-dad082606216.gif";"28014826-4118-4409-9be2-dad082606216.gif"
238;"https://emotionplanet.s3.ap-northeast-2.amazonaws.com/3b813103-4fc2-4e1c-a611-745451ced843.gif";"3b813103-4fc2-4e1c-a611-745451ced843.gif"
239;"https://emotionplanet.s3.ap-northeast-2.amazonaws.com/42b03a73-c51f-40b0-a496-9859a4873b2e.gif";"42b03a73-c51f-40b0-a496-9859a4873b2e.gif"
240;"https://emotionplanet.s3.ap-northeast-2.amazonaws.com/1b4a87e5-3aca-4b19-af27-1d3d9e0af2b5.jpg";"1b4a87e5-3aca-4b19-af27-1d3d9e0af2b5.jpg"
241;"https://emotionplanet.s3.ap-northeast-2.amazonaws.com/d675d882-c993-4069-9f26-1cbd9b3132c5.jpg";"d675d882-c993-4069-9f26-1cbd9b3132c5.jpg"
242;"https://emotionplanet.s3.ap-northeast-2.amazonaws.com/4c633dd5-51ec-462a-8342-d39b0c6eb443.jpg";"4c633dd5-51ec-462a-8342-d39b0c6eb443.jpg"
243;"https://emotionplanet.s3.ap-northeast-2.amazonaws.com/7b166bb3-d827-460b-9ed8-4128856c57ac.jpg";"7b166bb3-d827-460b-9ed8-4128856c57ac.jpg"
244;"https://emotionplanet.s3.ap-northeast-2.amazonaws.com/eed93ca6-e935-40c0-ae16-49b29328da5e.jpg";"eed93ca6-e935-40c0-ae16-49b29328da5e.jpg"
245;"https://emotionplanet.s3.ap-northeast-2.amazonaws.com/a3e9384e-e854-4812-b19a-1c0545b421dd.jpg";"a3e9384e-e854-4812-b19a-1c0545b421dd.jpg"
246;"https://emotionplanet.s3.ap-northeast-2.amazonaws.com/fa37396c-eafb-4c6f-b2db-39137f21f477.jpg";"fa37396c-eafb-4c6f-b2db-39137f21f477.jpg"
247;"https://emotionplanet.s3.ap-northeast-2.amazonaws.com/672b8ef6-4ed0-41ad-81b4-99b79ddbe8df.PNG";"672b8ef6-4ed0-41ad-81b4-99b79ddbe8df.PNG"
250;"https://emotionplanet.s3.ap-northeast-2.amazonaws.com/6595a615-ed0f-4c42-b41a-4aa01c8d2226.PNG";"6595a615-ed0f-4c42-b41a-4aa01c8d2226.PNG"
259;"https://emotionplanet.s3.ap-northeast-2.amazonaws.com/df1794a1-962a-44fc-a45b-d81ef2f85917.png";"df1794a1-962a-44fc-a45b-d81ef2f85917.png"
260;"https://emotionplanet.s3.ap-northeast-2.amazonaws.com/113c0377-eccc-4690-821f-ca0912efeb3d.png";"113c0377-eccc-4690-821f-ca0912efeb3d.png"
261;"https://emotionplanet.s3.ap-northeast-2.amazonaws.com/39def64a-7e74-4eac-a1a7-5b70f05f05ba.png";"39def64a-7e74-4eac-a1a7-5b70f05f05ba.png"
262;"https://emotionplanet.s3.ap-northeast-2.amazonaws.com/ac039765-3ee6-4bcb-be03-da2e4f4522e8.png";"ac039765-3ee6-4bcb-be03-da2e4f4522e8.png"
263;"https://emotionplanet.s3.ap-northeast-2.amazonaws.com/e1754225-fdc5-41f0-b405-81d8bff29c50.jpg";"e1754225-fdc5-41f0-b405-81d8bff29c50.jpg"
