[{"no":149, "pickNo":47, "author":"Natasha Bedingfield", "apiId":"", "title":"Unwritten", "descr":"", "year":"2004", "imgLink":"https://i.scdn.co/image/ab67616d0000b273b337e1ca6629a53c66a3b0d4"},
 {"no":150, "pickNo":47, "author":"Maroon 5", "apiId":"", "title":"Daylight", "descr":"", "year":"2012", "imgLink":"https://i.scdn.co/image/ab67616d0000b273fc8633e22a7dba6aab817bff"},
 {"no":153, "pickNo":47, "author":"BoM", "apiId":"", "title":"\ub110 \uc704\ud574 \ubd80\ub974\ub294 \uc774 \ub178\ub798", "descr":"", "year":"2011", "imgLink":"https://i.scdn.co/image/ab67616d0000b2738b2f0923402c1e95891fbc1e"},
 {"no":154, "pickNo":47, "author":"BoM", "apiId":"", "title":"\ub110 \uc704\ud574 \ubd80\ub974\ub294 \uc774 \ub178\ub798", "descr":"", "year":"2011", "imgLink":"https://i.scdn.co/image/ab67616d0000b2738b2f0923402c1e95891fbc1e"},
 {"no":155, "pickNo":47, "author":"Tablo", "apiId":"", "title":"Trace (\ucd9c\ucc98) - Scratch by DJ Tukutz", "descr":"", "year":"2011", "imgLink":"https://i.scdn.co/image/ab67616d0000b273fee95633ed1dc1d59d3acb1e"},
 {"no":157, "pickNo":47, "author":"JAURIM", "apiId":"", "title":"from:me@iwaswrong.com to:you@aremy.net", "descr":"", "year":"2011", "imgLink":"https://i.scdn.co/image/ab67616d0000b27311460ba848000a2578c81092"},
 {"no":160, "pickNo":77, "author":"Young Jun", "apiId":"", "title":"Pray (feat. Molly. D, \ub450\ud6c8)", "descr":"", "year":"2011", "imgLink":"https://i.scdn.co/image/ab67616d0000b27394cfd3cf267bbec658cf1ec6"},
 {"no":161, "pickNo":77, "author":"\ud504\ub77c\uc784 \ubca0\uc774(Prime Bay)", "apiId":"", "title":"\uac00\uc9c0\ub9c8 - Instrumental", "descr":"", "year":"2011", "imgLink":"https://i.scdn.co/image/ab67616d0000b273b1e534e7a0fccb5c29f9946c"},
 {"no":162, "pickNo":78, "author":"Sam Smith", "apiId":"", "title":"Stay With Me", "descr":"", "year":"2014", "imgLink":"https://i.scdn.co/image/ab67616d0000b273b11bdc91cb9ac6b14f5c1dae"},
 {"no":163, "pickNo":47, "author":"Maroon 5", "apiId":"", "title":"Maps", "descr":"", "year":"2015", "imgLink":"https://i.scdn.co/image/ab67616d0000b27337677af5b4f23fe9dc8a3c04"},
 {"no":165, "pickNo":80, "author":"Coldplay", "apiId":"", "title":"Don't Panic", "descr":"", "year":"2000", "imgLink":"https://i.scdn.co/image/ab67616d0000b2733d92b2ad5af9fbc8637425f0"},
 {"no":166, "pickNo":81, "author":"Alexandre Desplat", "apiId":"", "title":"The King's Speech", "descr":"", "year":"2010", "imgLink":"https://i.scdn.co/image/ab67616d0000b273c7aaef056d1fa949116c2268"},
 {"no":167, "pickNo":81, "author":"Jacques Offenbach", "apiId":"", "title":"Orph\u00e9e aux enfers, ACT 2, Troisi\u00e8me tableau: un roi de B\u00e9otie - Le boudoir de Pluton: Galop", "descr":"", "year":"1998", "imgLink":"https://i.scdn.co/image/ab67616d0000b2737491b19bf88b4b552859ca50"},
 {"no":168, "pickNo":81, "author":"Edgard Var\u00e8se", "apiId":"", "title":"Arcana", "descr":"", "year":"2001", "imgLink":"https://i.scdn.co/image/ab67616d0000b273a63202ecc30f8c980584a34b"},
 {"no":169, "pickNo":80, "author":"San Cisco", "apiId":"", "title":"Awkward - EP Version", "descr":"", "year":"2012", "imgLink":"https://i.scdn.co/image/ab67616d0000b27322677be87b8705173b9e1028"},
 {"no":170, "pickNo":80, "author":"Pixies", "apiId":"", "title":"Here Comes Your Man", "descr":"", "year":"1989", "imgLink":"https://i.scdn.co/image/ab67616d0000b273cafe9404f872e4c0e91a8cc8"},
 {"no":171, "pickNo":80, "author":"A Great Big World", "apiId":"", "title":"Say Something", "descr":"", "year":"2014", "imgLink":"https://i.scdn.co/image/ab67616d0000b273554488d0c51967b1654d8ce5"},
 {"no":172, "pickNo":84, "author":"Boys Like Girls", "apiId":"", "title":"Two Is Better Than One (feat. Taylor Swift)", "descr":"", "year":"2009", "imgLink":"https://i.scdn.co/image/ab67616d0000b27308a2b8e9210f518f6f4fbb8a"},
 {"no":173, "pickNo":80, "author":"Coldplay", "apiId":"", "title":"A Sky Full of Stars", "descr":"", "year":"2014", "imgLink":"https://i.scdn.co/image/ab67616d0000b273d16ee0b4fef011c59bcfb2f1"},
 {"no":174, "pickNo":84, "author":"Adele", "apiId":"", "title":"Daydreamer", "descr":"", "year":"2008", "imgLink":"https://i.scdn.co/image/ab67616d0000b2732369f428044d1fa7ed4a71a9"},
 {"no":175, "pickNo":80, "author":"Imagine Dragons", "apiId":"", "title":"It's Time", "descr":"", "year":"2012", "imgLink":"https://i.scdn.co/image/ab67616d0000b273407bd04707c463bbb3410737"},
 {"no":176, "pickNo":85, "author":"Three Days Grace", "apiId":"", "title":"Riot", "descr":"", "year":"2006", "imgLink":"https://i.scdn.co/image/ab67616d0000b2739dcf31d6b5eb82fa24de783a"},
 {"no":177, "pickNo":85, "author":"The Rolling Stones", "apiId":"", "title":"Brown Sugar - 2009 Remaster", "descr":"", "year":"1971", "imgLink":"https://i.scdn.co/image/ab67616d0000b273a1d9c9969f2a7ed27e449a3c"},
 {"no":178, "pickNo":85, "author":"Nils Landgren Funk Unit", "apiId":"", "title":"House Party", "descr":"", "year":"2007", "imgLink":"https://i.scdn.co/image/ab67616d0000b27327823d6fed9b9369c6f123f4"},
 {"no":179, "pickNo":86, "author":"Laidback Luke", "apiId":"", "title":"Dynamo - Original Mix", "descr":"", "year":"2013", "imgLink":"https://i.scdn.co/image/ab67616d0000b27345f6414816417908093962ef"},
 {"no":181, "pickNo":85, "author":"Avril Lavigne", "apiId":"", "title":"Innocence", "descr":"", "year":"2007", "imgLink":"https://i.scdn.co/image/ab67616d0000b273476cdf5837ae39eee951cc15"},
 {"no":182, "pickNo":80, "author":"The Fray", "apiId":"", "title":"Look After You", "descr":"", "year":"2005", "imgLink":"https://i.scdn.co/image/ab67616d0000b27359b8b957f164ce660919f1f4"},
 {"no":183, "pickNo":95, "author":"Yiruma", "apiId":"", "title":"River Flows In You \ub108\uc758 \ub9c8\uc74c\uc18d\uc5d4 \uac15\uc774 \ud750\ub978\ub2e4 (feat. Ruvin)", "descr":"", "year":"2011", "imgLink":"https://i.scdn.co/image/ab67616d0000b27339b18bd85c141464d9833864"},
 {"no":186, "pickNo":80, "author":"Daft Punk", "apiId":"", "title":"One More Time", "descr":"", "year":"2001", "imgLink":"https://i.scdn.co/image/ab67616d0000b273b33d46dfa2635a47eebf63b2"},
 {"no":189, "pickNo":71, "author":"Kansas", "apiId":"", "title":"Dust in the Wind", "descr":"", "year":"1984", "imgLink":"https://i.scdn.co/image/ab67616d0000b27351853c867bd51abc84432ee5"},
 {"no":190, "pickNo":86, "author":"SUPER JUNIOR-K.R.Y.", "apiId":"", "title":"Remember (feat. Miryo) - 191953100500", "descr":"", "year":"2012", "imgLink":"https://i.scdn.co/image/ab67616d0000b2735d6c3c3ee1c83fba1697e291"},
 {"no":193, "pickNo":105, "author":"Avenged Sevenfold", "apiId":"", "title":"So Far Away", "descr":"", "year":"2010", "imgLink":"https://i.scdn.co/image/ab67616d0000b2737afdb9b122fc1c43bcab65bf"},
 {"no":194, "pickNo":105, "author":"Coldplay", "apiId":"", "title":"Warning Sign", "descr":"", "year":"2002", "imgLink":"https://i.scdn.co/image/ab67616d0000b27390afd8e4ec6d787114ed6c40"}]